,Time,Temperature,Dew Point,Humidity,Wind,Wind Speed,Wind Gust,Pressure,Precip.,Condition
0,11:53 PM,77 °F,72 °F,84 °%,S,12 °mph,22 °mph,29.15 °in,0.0 °in,Mostly Cloudy
1,12:53 AM,78 °F,72 °F,81 °%,S,15 °mph,25 °mph,29.14 °in,0.0 °in,Mostly Cloudy
2,1:53 AM,77 °F,72 °F,84 °%,S,18 °mph,25 °mph,29.14 °in,0.0 °in,Mostly Cloudy
3,2:53 AM,77 °F,72 °F,84 °%,S,17 °mph,28 °mph,29.13 °in,0.0 °in,Mostly Cloudy
4,3:53 AM,76 °F,72 °F,87 °%,S,15 °mph,0 °mph,29.13 °in,0.0 °in,Cloudy
5,4:53 AM,76 °F,72 °F,87 °%,S,15 °mph,0 °mph,29.13 °in,0.0 °in,Cloudy
6,5:26 AM,76 °F,72 °F,87 °%,S,12 °mph,0 °mph,29.14 °in,0.0 °in,Cloudy
7,5:53 AM,76 °F,72 °F,87 °%,S,12 °mph,0 °mph,29.14 °in,0.0 °in,Cloudy
8,6:29 AM,76 °F,72 °F,87 °%,S,13 °mph,21 °mph,29.14 °in,0.0 °in,Mostly Cloudy
9,6:53 AM,77 °F,72 °F,84 °%,S,17 °mph,24 °mph,29.14 °in,0.0 °in,Mostly Cloudy
10,7:53 AM,80 °F,72 °F,76 °%,S,22 °mph,29 °mph,29.15 °in,0.0 °in,Cloudy / Windy
11,8:43 AM,82 °F,71 °F,69 °%,SSW,21 °mph,33 °mph,29.16 °in,0.0 °in,Partly Cloudy / Windy
12,8:53 AM,83 °F,70 °F,65 °%,S,18 °mph,33 °mph,29.15 °in,0.0 °in,Partly Cloudy
13,9:53 AM,88 °F,70 °F,55 °%,S,18 °mph,30 °mph,29.15 °in,0.0 °in,Partly Cloudy
14,10:53 AM,90 °F,69 °F,50 °%,S,20 °mph,29 °mph,29.14 °in,0.0 °in,Partly Cloudy
15,11:53 AM,95 °F,67 °F,40 °%,S,20 °mph,35 °mph,29.12 °in,0.0 °in,Partly Cloudy
16,12:53 PM,98 °F,67 °F,36 °%,S,14 °mph,28 °mph,29.10 °in,0.0 °in,Partly Cloudy
17,1:53 PM,99 °F,66 °F,34 °%,S,17 °mph,24 °mph,29.08 °in,0.0 °in,Partly Cloudy
18,2:53 PM,100 °F,65 °F,32 °%,S,16 °mph,28 °mph,29.06 °in,0.0 °in,Fair
19,3:53 PM,101 °F,66 °F,32 °%,SSE,12 °mph,23 °mph,29.05 °in,0.0 °in,Fair
20,4:53 PM,99 °F,67 °F,35 °%,SSE,16 °mph,0 °mph,29.05 °in,0.0 °in,Fair
21,5:53 PM,95 °F,69 °F,43 °%,SSE,20 °mph,29 °mph,29.06 °in,0.0 °in,Fair
22,6:53 PM,91 °F,69 °F,48 °%,SSE,20 °mph,0 °mph,29.08 °in,0.0 °in,Fair
23,7:53 PM,86 °F,70 °F,59 °%,SSE,16 °mph,0 °mph,29.09 °in,0.0 °in,Fair
24,8:53 PM,83 °F,70 °F,65 °%,SSE,14 °mph,25 °mph,29.13 °in,0.0 °in,Fair
25,9:53 PM,81 °F,71 °F,72 °%,SSE,12 °mph,0 °mph,29.15 °in,0.0 °in,Fair
26,10:53 PM,78 °F,71 °F,79 °%,S,12 °mph,22 °mph,29.16 °in,0.0 °in,Partly Cloudy
27,,,,,,,,,,
28,,,,,,,,,,
29,,,,,,,,,,
30,,,,,,,,,,
31,,,,,,,,,,
32,,,,,,,,,,
33,,,,,,,,,,
34,,,,,,,,,,
35,,,,,,,,,,
36,,,,,,,,,,
